sample_idx,influence_epoch_0,influence_epoch_1,influence_epoch_2,influence_epoch_3,influence_epoch_4,influence_epoch_5,influence_epoch_6,influence_epoch_7,influence_epoch_8,influence_epoch_9,influence_epoch_10,influence_epoch_11,influence_epoch_12,influence_epoch_13,influence_epoch_14,influence_epoch_15,influence_epoch_16,influence_epoch_17,influence_epoch_18,influence_epoch_19,influence_epoch_20
0,104.96297,104.96297,104.96297,104.96297,104.96297,104.96297,104.96297,104.96297,104.96297,104.96297,104.96297,104.96297,104.96297,104.96297,104.96297,104.96297,104.96297,104.96297,104.96297,104.96297,104.96297
1,15.572357,15.572357,15.572357,15.572357,15.572357,15.572357,15.572357,15.572357,15.572357,15.572357,15.572357,15.572357,15.572357,15.572357,15.572357,15.572357,15.572357,15.572357,15.572357,15.572357,15.572357
2,-53.664825,-53.664825,-53.664825,-53.664825,-53.664825,-53.664825,-53.664825,-53.664825,-53.664825,-53.664825,-53.664825,-53.664825,-53.664825,-53.664825,-53.664825,-53.664825,-53.664825,-53.664825,-53.664825,-53.664825,-53.664825
3,62.72975,62.72975,62.72975,62.72975,62.72975,62.72975,62.72975,62.72975,62.72975,62.72975,62.72975,62.72975,62.72975,62.72975,62.72975,62.72975,62.72975,62.72975,62.72975,62.72975,62.72975
4,-10.300644,-10.300644,-10.300644,-10.300644,-10.300644,-10.300644,-10.300644,-10.300644,-10.300644,-10.300644,-10.300644,-10.300644,-10.300644,-10.300644,-10.300644,-10.300644,-10.300644,-10.300644,-10.300644,-10.300644,-10.300644
5,60.816513,60.816513,60.816513,60.816513,60.816513,60.816513,60.816513,60.816513,60.816513,60.816513,60.816513,60.816513,60.816513,60.816513,60.816513,60.816513,60.816513,60.816513,60.816513,60.816513,60.816513
6,-49.23532,-49.23532,-49.23532,-49.23532,-49.23532,-49.23532,-49.23532,-49.23532,-49.23532,-49.23532,-49.23532,-49.23532,-49.23532,-49.23532,-49.23532,-49.23532,-49.23532,-49.23532,-49.23532,-49.23532,-49.23532
7,-54.34787,-54.34787,-54.34787,-54.34787,-54.34787,-54.34787,-54.34787,-54.34787,-54.34787,-54.34787,-54.34787,-54.34787,-54.34787,-54.34787,-54.34787,-54.34787,-54.34787,-54.34787,-54.34787,-54.34787,-54.34787
8,-89.404045,-89.404045,-89.404045,-89.404045,-89.404045,-89.404045,-89.404045,-89.404045,-89.404045,-89.404045,-89.404045,-89.404045,-89.404045,-89.404045,-89.404045,-89.404045,-89.404045,-89.404045,-89.404045,-89.404045,-89.404045
9,-11.742371,-11.742371,-11.742371,-11.742371,-11.742371,-11.742371,-11.742371,-11.742371,-11.742371,-11.742371,-11.742371,-11.742371,-11.742371,-11.742371,-11.742371,-11.742371,-11.742371,-11.742371,-11.742371,-11.742371,-11.742371
10,-13.247345,-13.247345,-13.247345,-13.247345,-13.247345,-13.247345,-13.247345,-13.247345,-13.247345,-13.247345,-13.247345,-13.247345,-13.247345,-13.247345,-13.247345,-13.247345,-13.247345,-13.247345,-13.247345,-13.247345,-13.247345
11,-36.769043,-36.769043,-36.769043,-36.769043,-36.769043,-36.769043,-36.769043,-36.769043,-36.769043,-36.769043,-36.769043,-36.769043,-36.769043,-36.769043,-36.769043,-36.769043,-36.769043,-36.769043,-36.769043,-36.769043,-36.769043
12,-24.712006,-24.712006,-24.712006,-24.712006,-24.712006,-24.712006,-24.712006,-24.712006,-24.712006,-24.712006,-24.712006,-24.712006,-24.712006,-24.712006,-24.712006,-24.712006,-24.712006,-24.712006,-24.712006,-24.712006,-24.712006
13,-29.15303,-29.15303,-29.15303,-29.15303,-29.15303,-29.15303,-29.15303,-29.15303,-29.15303,-29.15303,-29.15303,-29.15303,-29.15303,-29.15303,-29.15303,-29.15303,-29.15303,-29.15303,-29.15303,-29.15303,-29.15303
14,93.4095,93.4095,93.4095,93.4095,93.4095,93.4095,93.4095,93.4095,93.4095,93.4095,93.4095,93.4095,93.4095,93.4095,93.4095,93.4095,93.4095,93.4095,93.4095,93.4095,93.4095
15,-32.37596,-32.37596,-32.37596,-32.37596,-32.37596,-32.37596,-32.37596,-32.37596,-32.37596,-32.37596,-32.37596,-32.37596,-32.37596,-32.37596,-32.37596,-32.37596,-32.37596,-32.37596,-32.37596,-32.37596,-32.37596
16,-24.853577,-24.853577,-24.853577,-24.853577,-24.853577,-24.853577,-24.853577,-24.853577,-24.853577,-24.853577,-24.853577,-24.853577,-24.853577,-24.853577,-24.853577,-24.853577,-24.853577,-24.853577,-24.853577,-24.853577,-24.853577
17,-18.972473,-18.972473,-18.972473,-18.972473,-18.972473,-18.972473,-18.972473,-18.972473,-18.972473,-18.972473,-18.972473,-18.972473,-18.972473,-18.972473,-18.972473,-18.972473,-18.972473,-18.972473,-18.972473,-18.972473,-18.972473
18,-33.152893,-33.152893,-33.152893,-33.152893,-33.152893,-33.152893,-33.152893,-33.152893,-33.152893,-33.152893,-33.152893,-33.152893,-33.152893,-33.152893,-33.152893,-33.152893,-33.152893,-33.152893,-33.152893,-33.152893,-33.152893
19,82.56181,82.56181,82.56181,82.56181,82.56181,82.56181,82.56181,82.56181,82.56181,82.56181,82.56181,82.56181,82.56181,82.56181,82.56181,82.56181,82.56181,82.56181,82.56181,82.56181,82.56181
20,-37.77208,-37.77208,-37.77208,-37.77208,-37.77208,-37.77208,-37.77208,-37.77208,-37.77208,-37.77208,-37.77208,-37.77208,-37.77208,-37.77208,-37.77208,-37.77208,-37.77208,-37.77208,-37.77208,-37.77208,-37.77208
21,28.626816,28.626816,28.626816,28.626816,28.626816,28.626816,28.626816,28.626816,28.626816,28.626816,28.626816,28.626816,28.626816,28.626816,28.626816,28.626816,28.626816,28.626816,28.626816,28.626816,28.626816
22,22.4935,22.4935,22.4935,22.4935,22.4935,22.4935,22.4935,22.4935,22.4935,22.4935,22.4935,22.4935,22.4935,22.4935,22.4935,22.4935,22.4935,22.4935,22.4935,22.4935,22.4935
23,-14.527084,-14.527084,-14.527084,-14.527084,-14.527084,-14.527084,-14.527084,-14.527084,-14.527084,-14.527084,-14.527084,-14.527084,-14.527084,-14.527084,-14.527084,-14.527084,-14.527084,-14.527084,-14.527084,-14.527084,-14.527084
24,24.861053,24.861053,24.861053,24.861053,24.861053,24.861053,24.861053,24.861053,24.861053,24.861053,24.861053,24.861053,24.861053,24.861053,24.861053,24.861053,24.861053,24.861053,24.861053,24.861053,24.861053
25,-35.380646,-35.380646,-35.380646,-35.380646,-35.380646,-35.380646,-35.380646,-35.380646,-35.380646,-35.380646,-35.380646,-35.380646,-35.380646,-35.380646,-35.380646,-35.380646,-35.380646,-35.380646,-35.380646,-35.380646,-35.380646
26,-23.53035,-23.53035,-23.53035,-23.53035,-23.53035,-23.53035,-23.53035,-23.53035,-23.53035,-23.53035,-23.53035,-23.53035,-23.53035,-23.53035,-23.53035,-23.53035,-23.53035,-23.53035,-23.53035,-23.53035,-23.53035
27,-47.976074,-47.976074,-47.976074,-47.976074,-47.976074,-47.976074,-47.976074,-47.976074,-47.976074,-47.976074,-47.976074,-47.976074,-47.976074,-47.976074,-47.976074,-47.976074,-47.976074,-47.976074,-47.976074,-47.976074,-47.976074
28,-89.79407,-89.79407,-89.79407,-89.79407,-89.79407,-89.79407,-89.79407,-89.79407,-89.79407,-89.79407,-89.79407,-89.79407,-89.79407,-89.79407,-89.79407,-89.79407,-89.79407,-89.79407,-89.79407,-89.79407,-89.79407
29,-1.2247314,-1.2247314,-1.2247314,-1.2247314,-1.2247314,-1.2247314,-1.2247314,-1.2247314,-1.2247314,-1.2247314,-1.2247314,-1.2247314,-1.2247314,-1.2247314,-1.2247314,-1.2247314,-1.2247314,-1.2247314,-1.2247314,-1.2247314,-1.2247314
30,8.013077,8.013077,8.013077,8.013077,8.013077,8.013077,8.013077,8.013077,8.013077,8.013077,8.013077,8.013077,8.013077,8.013077,8.013077,8.013077,8.013077,8.013077,8.013077,8.013077,8.013077
31,59.403656,59.403656,59.403656,59.403656,59.403656,59.403656,59.403656,59.403656,59.403656,59.403656,59.403656,59.403656,59.403656,59.403656,59.403656,59.403656,59.403656,59.403656,59.403656,59.403656,59.403656
32,36.30374,36.30374,36.30374,36.30374,36.30374,36.30374,36.30374,36.30374,36.30374,36.30374,36.30374,36.30374,36.30374,36.30374,36.30374,36.30374,36.30374,36.30374,36.30374,36.30374,36.30374
33,14.160858,14.160858,14.160858,14.160858,14.160858,14.160858,14.160858,14.160858,14.160858,14.160858,14.160858,14.160858,14.160858,14.160858,14.160858,14.160858,14.160858,14.160858,14.160858,14.160858,14.160858
34,-7.2787933,-7.2787933,-7.2787933,-7.2787933,-7.2787933,-7.2787933,-7.2787933,-7.2787933,-7.2787933,-7.2787933,-7.2787933,-7.2787933,-7.2787933,-7.2787933,-7.2787933,-7.2787933,-7.2787933,-7.2787933,-7.2787933,-7.2787933,-7.2787933
35,24.065613,24.065613,24.065613,24.065613,24.065613,24.065613,24.065613,24.065613,24.065613,24.065613,24.065613,24.065613,24.065613,24.065613,24.065613,24.065613,24.065613,24.065613,24.065613,24.065613,24.065613
36,31.793076,31.793076,31.793076,31.793076,31.793076,31.793076,31.793076,31.793076,31.793076,31.793076,31.793076,31.793076,31.793076,31.793076,31.793076,31.793076,31.793076,31.793076,31.793076,31.793076,31.793076
37,-16.07457,-16.07457,-16.07457,-16.07457,-16.07457,-16.07457,-16.07457,-16.07457,-16.07457,-16.07457,-16.07457,-16.07457,-16.07457,-16.07457,-16.07457,-16.07457,-16.07457,-16.07457,-16.07457,-16.07457,-16.07457
38,-1.7323914,-1.7323914,-1.7323914,-1.7323914,-1.7323914,-1.7323914,-1.7323914,-1.7323914,-1.7323914,-1.7323914,-1.7323914,-1.7323914,-1.7323914,-1.7323914,-1.7323914,-1.7323914,-1.7323914,-1.7323914,-1.7323914,-1.7323914,-1.7323914
39,-25.369476,-25.369476,-25.369476,-25.369476,-25.369476,-25.369476,-25.369476,-25.369476,-25.369476,-25.369476,-25.369476,-25.369476,-25.369476,-25.369476,-25.369476,-25.369476,-25.369476,-25.369476,-25.369476,-25.369476,-25.369476
40,63.47818,63.47818,63.47818,63.47818,63.47818,63.47818,63.47818,63.47818,63.47818,63.47818,63.47818,63.47818,63.47818,63.47818,63.47818,63.47818,63.47818,63.47818,63.47818,63.47818,63.47818
41,8.462448,8.462448,8.462448,8.462448,8.462448,8.462448,8.462448,8.462448,8.462448,8.462448,8.462448,8.462448,8.462448,8.462448,8.462448,8.462448,8.462448,8.462448,8.462448,8.462448,8.462448
42,-42.371063,-42.371063,-42.371063,-42.371063,-42.371063,-42.371063,-42.371063,-42.371063,-42.371063,-42.371063,-42.371063,-42.371063,-42.371063,-42.371063,-42.371063,-42.371063,-42.371063,-42.371063,-42.371063,-42.371063,-42.371063
43,7.799347,7.799347,7.799347,7.799347,7.799347,7.799347,7.799347,7.799347,7.799347,7.799347,7.799347,7.799347,7.799347,7.799347,7.799347,7.799347,7.799347,7.799347,7.799347,7.799347,7.799347
44,2.6704102,2.6704102,2.6704102,2.6704102,2.6704102,2.6704102,2.6704102,2.6704102,2.6704102,2.6704102,2.6704102,2.6704102,2.6704102,2.6704102,2.6704102,2.6704102,2.6704102,2.6704102,2.6704102,2.6704102,2.6704102
45,-38.719666,-38.719666,-38.719666,-38.719666,-38.719666,-38.719666,-38.719666,-38.719666,-38.719666,-38.719666,-38.719666,-38.719666,-38.719666,-38.719666,-38.719666,-38.719666,-38.719666,-38.719666,-38.719666,-38.719666,-38.719666
46,-31.517166,-31.517166,-31.517166,-31.517166,-31.517166,-31.517166,-31.517166,-31.517166,-31.517166,-31.517166,-31.517166,-31.517166,-31.517166,-31.517166,-31.517166,-31.517166,-31.517166,-31.517166,-31.517166,-31.517166,-31.517166
47,-27.969696,-27.969696,-27.969696,-27.969696,-27.969696,-27.969696,-27.969696,-27.969696,-27.969696,-27.969696,-27.969696,-27.969696,-27.969696,-27.969696,-27.969696,-27.969696,-27.969696,-27.969696,-27.969696,-27.969696,-27.969696
48,-38.45253,-38.45253,-38.45253,-38.45253,-38.45253,-38.45253,-38.45253,-38.45253,-38.45253,-38.45253,-38.45253,-38.45253,-38.45253,-38.45253,-38.45253,-38.45253,-38.45253,-38.45253,-38.45253,-38.45253,-38.45253
49,-22.575256,-22.575256,-22.575256,-22.575256,-22.575256,-22.575256,-22.575256,-22.575256,-22.575256,-22.575256,-22.575256,-22.575256,-22.575256,-22.575256,-22.575256,-22.575256,-22.575256,-22.575256,-22.575256,-22.575256,-22.575256
50,-28.139862,-28.139862,-28.139862,-28.139862,-28.139862,-28.139862,-28.139862,-28.139862,-28.139862,-28.139862,-28.139862,-28.139862,-28.139862,-28.139862,-28.139862,-28.139862,-28.139862,-28.139862,-28.139862,-28.139862,-28.139862
51,4.037628,4.037628,4.037628,4.037628,4.037628,4.037628,4.037628,4.037628,4.037628,4.037628,4.037628,4.037628,4.037628,4.037628,4.037628,4.037628,4.037628,4.037628,4.037628,4.037628,4.037628
52,8.8811035,8.8811035,8.8811035,8.8811035,8.8811035,8.8811035,8.8811035,8.8811035,8.8811035,8.8811035,8.8811035,8.8811035,8.8811035,8.8811035,8.8811035,8.8811035,8.8811035,8.8811035,8.8811035,8.8811035,8.8811035
53,-15.344025,-15.344025,-15.344025,-15.344025,-15.344025,-15.344025,-15.344025,-15.344025,-15.344025,-15.344025,-15.344025,-15.344025,-15.344025,-15.344025,-15.344025,-15.344025,-15.344025,-15.344025,-15.344025,-15.344025,-15.344025
54,-39.06955,-39.06955,-39.06955,-39.06955,-39.06955,-39.06955,-39.06955,-39.06955,-39.06955,-39.06955,-39.06955,-39.06955,-39.06955,-39.06955,-39.06955,-39.06955,-39.06955,-39.06955,-39.06955,-39.06955,-39.06955
55,-24.92514,-24.92514,-24.92514,-24.92514,-24.92514,-24.92514,-24.92514,-24.92514,-24.92514,-24.92514,-24.92514,-24.92514,-24.92514,-24.92514,-24.92514,-24.92514,-24.92514,-24.92514,-24.92514,-24.92514,-24.92514
56,13.3471985,13.3471985,13.3471985,13.3471985,13.3471985,13.3471985,13.3471985,13.3471985,13.3471985,13.3471985,13.3471985,13.3471985,13.3471985,13.3471985,13.3471985,13.3471985,13.3471985,13.3471985,13.3471985,13.3471985,13.3471985
57,-6.7707825,-6.7707825,-6.7707825,-6.7707825,-6.7707825,-6.7707825,-6.7707825,-6.7707825,-6.7707825,-6.7707825,-6.7707825,-6.7707825,-6.7707825,-6.7707825,-6.7707825,-6.7707825,-6.7707825,-6.7707825,-6.7707825,-6.7707825,-6.7707825
58,-21.843903,-21.843903,-21.843903,-21.843903,-21.843903,-21.843903,-21.843903,-21.843903,-21.843903,-21.843903,-21.843903,-21.843903,-21.843903,-21.843903,-21.843903,-21.843903,-21.843903,-21.843903,-21.843903,-21.843903,-21.843903
59,-29.279953,-29.279953,-29.279953,-29.279953,-29.279953,-29.279953,-29.279953,-29.279953,-29.279953,-29.279953,-29.279953,-29.279953,-29.279953,-29.279953,-29.279953,-29.279953,-29.279953,-29.279953,-29.279953,-29.279953,-29.279953
60,14.147491,14.147491,14.147491,14.147491,14.147491,14.147491,14.147491,14.147491,14.147491,14.147491,14.147491,14.147491,14.147491,14.147491,14.147491,14.147491,14.147491,14.147491,14.147491,14.147491,14.147491
61,-21.937729,-21.937729,-21.937729,-21.937729,-21.937729,-21.937729,-21.937729,-21.937729,-21.937729,-21.937729,-21.937729,-21.937729,-21.937729,-21.937729,-21.937729,-21.937729,-21.937729,-21.937729,-21.937729,-21.937729,-21.937729
62,-41.06395,-41.06395,-41.06395,-41.06395,-41.06395,-41.06395,-41.06395,-41.06395,-41.06395,-41.06395,-41.06395,-41.06395,-41.06395,-41.06395,-41.06395,-41.06395,-41.06395,-41.06395,-41.06395,-41.06395,-41.06395
63,-20.361221,-20.361221,-20.361221,-20.361221,-20.361221,-20.361221,-20.361221,-20.361221,-20.361221,-20.361221,-20.361221,-20.361221,-20.361221,-20.361221,-20.361221,-20.361221,-20.361221,-20.361221,-20.361221,-20.361221,-20.361221
64,-80.90889,-80.90889,-80.90889,-80.90889,-80.90889,-80.90889,-80.90889,-80.90889,-80.90889,-80.90889,-80.90889,-80.90889,-80.90889,-80.90889,-80.90889,-80.90889,-80.90889,-80.90889,-80.90889,-80.90889,-80.90889
65,-23.470032,-23.470032,-23.470032,-23.470032,-23.470032,-23.470032,-23.470032,-23.470032,-23.470032,-23.470032,-23.470032,-23.470032,-23.470032,-23.470032,-23.470032,-23.470032,-23.470032,-23.470032,-23.470032,-23.470032,-23.470032
66,21.431015,21.431015,21.431015,21.431015,21.431015,21.431015,21.431015,21.431015,21.431015,21.431015,21.431015,21.431015,21.431015,21.431015,21.431015,21.431015,21.431015,21.431015,21.431015,21.431015,21.431015
67,41.798798,41.798798,41.798798,41.798798,41.798798,41.798798,41.798798,41.798798,41.798798,41.798798,41.798798,41.798798,41.798798,41.798798,41.798798,41.798798,41.798798,41.798798,41.798798,41.798798,41.798798
68,-11.521393,-11.521393,-11.521393,-11.521393,-11.521393,-11.521393,-11.521393,-11.521393,-11.521393,-11.521393,-11.521393,-11.521393,-11.521393,-11.521393,-11.521393,-11.521393,-11.521393,-11.521393,-11.521393,-11.521393,-11.521393
69,5.721039,5.721039,5.721039,5.721039,5.721039,5.721039,5.721039,5.721039,5.721039,5.721039,5.721039,5.721039,5.721039,5.721039,5.721039,5.721039,5.721039,5.721039,5.721039,5.721039,5.721039
70,99.37947,99.37947,99.37947,99.37947,99.37947,99.37947,99.37947,99.37947,99.37947,99.37947,99.37947,99.37947,99.37947,99.37947,99.37947,99.37947,99.37947,99.37947,99.37947,99.37947,99.37947
71,-5.5122986,-5.5122986,-5.5122986,-5.5122986,-5.5122986,-5.5122986,-5.5122986,-5.5122986,-5.5122986,-5.5122986,-5.5122986,-5.5122986,-5.5122986,-5.5122986,-5.5122986,-5.5122986,-5.5122986,-5.5122986,-5.5122986,-5.5122986,-5.5122986
72,-6.571274,-6.571274,-6.571274,-6.571274,-6.571274,-6.571274,-6.571274,-6.571274,-6.571274,-6.571274,-6.571274,-6.571274,-6.571274,-6.571274,-6.571274,-6.571274,-6.571274,-6.571274,-6.571274,-6.571274,-6.571274
73,-52.67772,-52.67772,-52.67772,-52.67772,-52.67772,-52.67772,-52.67772,-52.67772,-52.67772,-52.67772,-52.67772,-52.67772,-52.67772,-52.67772,-52.67772,-52.67772,-52.67772,-52.67772,-52.67772,-52.67772,-52.67772
74,-4.1421814,-4.1421814,-4.1421814,-4.1421814,-4.1421814,-4.1421814,-4.1421814,-4.1421814,-4.1421814,-4.1421814,-4.1421814,-4.1421814,-4.1421814,-4.1421814,-4.1421814,-4.1421814,-4.1421814,-4.1421814,-4.1421814,-4.1421814,-4.1421814
75,50.47621,50.47621,50.47621,50.47621,50.47621,50.47621,50.47621,50.47621,50.47621,50.47621,50.47621,50.47621,50.47621,50.47621,50.47621,50.47621,50.47621,50.47621,50.47621,50.47621,50.47621
76,4.5182495,4.5182495,4.5182495,4.5182495,4.5182495,4.5182495,4.5182495,4.5182495,4.5182495,4.5182495,4.5182495,4.5182495,4.5182495,4.5182495,4.5182495,4.5182495,4.5182495,4.5182495,4.5182495,4.5182495,4.5182495
77,-43.713074,-43.713074,-43.713074,-43.713074,-43.713074,-43.713074,-43.713074,-43.713074,-43.713074,-43.713074,-43.713074,-43.713074,-43.713074,-43.713074,-43.713074,-43.713074,-43.713074,-43.713074,-43.713074,-43.713074,-43.713074
78,-28.319916,-28.319916,-28.319916,-28.319916,-28.319916,-28.319916,-28.319916,-28.319916,-28.319916,-28.319916,-28.319916,-28.319916,-28.319916,-28.319916,-28.319916,-28.319916,-28.319916,-28.319916,-28.319916,-28.319916,-28.319916
79,-16.430328,-16.430328,-16.430328,-16.430328,-16.430328,-16.430328,-16.430328,-16.430328,-16.430328,-16.430328,-16.430328,-16.430328,-16.430328,-16.430328,-16.430328,-16.430328,-16.430328,-16.430328,-16.430328,-16.430328,-16.430328
80,-42.04489,-42.04489,-42.04489,-42.04489,-42.04489,-42.04489,-42.04489,-42.04489,-42.04489,-42.04489,-42.04489,-42.04489,-42.04489,-42.04489,-42.04489,-42.04489,-42.04489,-42.04489,-42.04489,-42.04489,-42.04489
81,27.339417,27.339417,27.339417,27.339417,27.339417,27.339417,27.339417,27.339417,27.339417,27.339417,27.339417,27.339417,27.339417,27.339417,27.339417,27.339417,27.339417,27.339417,27.339417,27.339417,27.339417
82,-29.081177,-29.081177,-29.081177,-29.081177,-29.081177,-29.081177,-29.081177,-29.081177,-29.081177,-29.081177,-29.081177,-29.081177,-29.081177,-29.081177,-29.081177,-29.081177,-29.081177,-29.081177,-29.081177,-29.081177,-29.081177
83,-1.9902039,-1.9902039,-1.9902039,-1.9902039,-1.9902039,-1.9902039,-1.9902039,-1.9902039,-1.9902039,-1.9902039,-1.9902039,-1.9902039,-1.9902039,-1.9902039,-1.9902039,-1.9902039,-1.9902039,-1.9902039,-1.9902039,-1.9902039,-1.9902039
84,-9.444473,-9.444473,-9.444473,-9.444473,-9.444473,-9.444473,-9.444473,-9.444473,-9.444473,-9.444473,-9.444473,-9.444473,-9.444473,-9.444473,-9.444473,-9.444473,-9.444473,-9.444473,-9.444473,-9.444473,-9.444473
85,-19.308563,-19.308563,-19.308563,-19.308563,-19.308563,-19.308563,-19.308563,-19.308563,-19.308563,-19.308563,-19.308563,-19.308563,-19.308563,-19.308563,-19.308563,-19.308563,-19.308563,-19.308563,-19.308563,-19.308563,-19.308563
86,0.3640442,0.3640442,0.3640442,0.3640442,0.3640442,0.3640442,0.3640442,0.3640442,0.3640442,0.3640442,0.3640442,0.3640442,0.3640442,0.3640442,0.3640442,0.3640442,0.3640442,0.3640442,0.3640442,0.3640442,0.3640442
87,-45.40451,-45.40451,-45.40451,-45.40451,-45.40451,-45.40451,-45.40451,-45.40451,-45.40451,-45.40451,-45.40451,-45.40451,-45.40451,-45.40451,-45.40451,-45.40451,-45.40451,-45.40451,-45.40451,-45.40451,-45.40451
88,-31.713348,-31.713348,-31.713348,-31.713348,-31.713348,-31.713348,-31.713348,-31.713348,-31.713348,-31.713348,-31.713348,-31.713348,-31.713348,-31.713348,-31.713348,-31.713348,-31.713348,-31.713348,-31.713348,-31.713348,-31.713348
89,-35.059814,-35.059814,-35.059814,-35.059814,-35.059814,-35.059814,-35.059814,-35.059814,-35.059814,-35.059814,-35.059814,-35.059814,-35.059814,-35.059814,-35.059814,-35.059814,-35.059814,-35.059814,-35.059814,-35.059814,-35.059814
90,131.69835,131.69835,131.69835,131.69835,131.69835,131.69835,131.69835,131.69835,131.69835,131.69835,131.69835,131.69835,131.69835,131.69835,131.69835,131.69835,131.69835,131.69835,131.69835,131.69835,131.69835
91,2.69693,2.69693,2.69693,2.69693,2.69693,2.69693,2.69693,2.69693,2.69693,2.69693,2.69693,2.69693,2.69693,2.69693,2.69693,2.69693,2.69693,2.69693,2.69693,2.69693,2.69693
92,12.805267,12.805267,12.805267,12.805267,12.805267,12.805267,12.805267,12.805267,12.805267,12.805267,12.805267,12.805267,12.805267,12.805267,12.805267,12.805267,12.805267,12.805267,12.805267,12.805267,12.805267
93,-22.106476,-22.106476,-22.106476,-22.106476,-22.106476,-22.106476,-22.106476,-22.106476,-22.106476,-22.106476,-22.106476,-22.106476,-22.106476,-22.106476,-22.106476,-22.106476,-22.106476,-22.106476,-22.106476,-22.106476,-22.106476
94,45.818207,45.818207,45.818207,45.818207,45.818207,45.818207,45.818207,45.818207,45.818207,45.818207,45.818207,45.818207,45.818207,45.818207,45.818207,45.818207,45.818207,45.818207,45.818207,45.818207,45.818207
95,44.609146,44.609146,44.609146,44.609146,44.609146,44.609146,44.609146,44.609146,44.609146,44.609146,44.609146,44.609146,44.609146,44.609146,44.609146,44.609146,44.609146,44.609146,44.609146,44.609146,44.609146
96,118.149734,118.149734,118.149734,118.149734,118.149734,118.149734,118.149734,118.149734,118.149734,118.149734,118.149734,118.149734,118.149734,118.149734,118.149734,118.149734,118.149734,118.149734,118.149734,118.149734,118.149734
97,42.25067,42.25067,42.25067,42.25067,42.25067,42.25067,42.25067,42.25067,42.25067,42.25067,42.25067,42.25067,42.25067,42.25067,42.25067,42.25067,42.25067,42.25067,42.25067,42.25067,42.25067
98,-45.08539,-45.08539,-45.08539,-45.08539,-45.08539,-45.08539,-45.08539,-45.08539,-45.08539,-45.08539,-45.08539,-45.08539,-45.08539,-45.08539,-45.08539,-45.08539,-45.08539,-45.08539,-45.08539,-45.08539,-45.08539
99,-8.332489,-8.332489,-8.332489,-8.332489,-8.332489,-8.332489,-8.332489,-8.332489,-8.332489,-8.332489,-8.332489,-8.332489,-8.332489,-8.332489,-8.332489,-8.332489,-8.332489,-8.332489,-8.332489,-8.332489,-8.332489
100,3.0399628,3.0399628,3.0399628,3.0399628,3.0399628,3.0399628,3.0399628,3.0399628,3.0399628,3.0399628,3.0399628,3.0399628,3.0399628,3.0399628,3.0399628,3.0399628,3.0399628,3.0399628,3.0399628,3.0399628,3.0399628
101,-4.6240387,-4.6240387,-4.6240387,-4.6240387,-4.6240387,-4.6240387,-4.6240387,-4.6240387,-4.6240387,-4.6240387,-4.6240387,-4.6240387,-4.6240387,-4.6240387,-4.6240387,-4.6240387,-4.6240387,-4.6240387,-4.6240387,-4.6240387,-4.6240387
102,22.18776,22.18776,22.18776,22.18776,22.18776,22.18776,22.18776,22.18776,22.18776,22.18776,22.18776,22.18776,22.18776,22.18776,22.18776,22.18776,22.18776,22.18776,22.18776,22.18776,22.18776
103,-28.810974,-28.810974,-28.810974,-28.810974,-28.810974,-28.810974,-28.810974,-28.810974,-28.810974,-28.810974,-28.810974,-28.810974,-28.810974,-28.810974,-28.810974,-28.810974,-28.810974,-28.810974,-28.810974,-28.810974,-28.810974
104,-19.345734,-19.345734,-19.345734,-19.345734,-19.345734,-19.345734,-19.345734,-19.345734,-19.345734,-19.345734,-19.345734,-19.345734,-19.345734,-19.345734,-19.345734,-19.345734,-19.345734,-19.345734,-19.345734,-19.345734,-19.345734
105,-36.755157,-36.755157,-36.755157,-36.755157,-36.755157,-36.755157,-36.755157,-36.755157,-36.755157,-36.755157,-36.755157,-36.755157,-36.755157,-36.755157,-36.755157,-36.755157,-36.755157,-36.755157,-36.755157,-36.755157,-36.755157
106,22.047394,22.047394,22.047394,22.047394,22.047394,22.047394,22.047394,22.047394,22.047394,22.047394,22.047394,22.047394,22.047394,22.047394,22.047394,22.047394,22.047394,22.047394,22.047394,22.047394,22.047394
107,60.508392,60.508392,60.508392,60.508392,60.508392,60.508392,60.508392,60.508392,60.508392,60.508392,60.508392,60.508392,60.508392,60.508392,60.508392,60.508392,60.508392,60.508392,60.508392,60.508392,60.508392
108,-39.53035,-39.53035,-39.53035,-39.53035,-39.53035,-39.53035,-39.53035,-39.53035,-39.53035,-39.53035,-39.53035,-39.53035,-39.53035,-39.53035,-39.53035,-39.53035,-39.53035,-39.53035,-39.53035,-39.53035,-39.53035
109,-41.055267,-41.055267,-41.055267,-41.055267,-41.055267,-41.055267,-41.055267,-41.055267,-41.055267,-41.055267,-41.055267,-41.055267,-41.055267,-41.055267,-41.055267,-41.055267,-41.055267,-41.055267,-41.055267,-41.055267,-41.055267
110,-92.19386,-92.19386,-92.19386,-92.19386,-92.19386,-92.19386,-92.19386,-92.19386,-92.19386,-92.19386,-92.19386,-92.19386,-92.19386,-92.19386,-92.19386,-92.19386,-92.19386,-92.19386,-92.19386,-92.19386,-92.19386
111,-5.1263885,-5.1263885,-5.1263885,-5.1263885,-5.1263885,-5.1263885,-5.1263885,-5.1263885,-5.1263885,-5.1263885,-5.1263885,-5.1263885,-5.1263885,-5.1263885,-5.1263885,-5.1263885,-5.1263885,-5.1263885,-5.1263885,-5.1263885,-5.1263885
112,138.49953,138.49953,138.49953,138.49953,138.49953,138.49953,138.49953,138.49953,138.49953,138.49953,138.49953,138.49953,138.49953,138.49953,138.49953,138.49953,138.49953,138.49953,138.49953,138.49953,138.49953
113,-5.3575745,-5.3575745,-5.3575745,-5.3575745,-5.3575745,-5.3575745,-5.3575745,-5.3575745,-5.3575745,-5.3575745,-5.3575745,-5.3575745,-5.3575745,-5.3575745,-5.3575745,-5.3575745,-5.3575745,-5.3575745,-5.3575745,-5.3575745,-5.3575745
114,-30.404007,-30.404007,-30.404007,-30.404007,-30.404007,-30.404007,-30.404007,-30.404007,-30.404007,-30.404007,-30.404007,-30.404007,-30.404007,-30.404007,-30.404007,-30.404007,-30.404007,-30.404007,-30.404007,-30.404007,-30.404007
115,-7.3566437,-7.3566437,-7.3566437,-7.3566437,-7.3566437,-7.3566437,-7.3566437,-7.3566437,-7.3566437,-7.3566437,-7.3566437,-7.3566437,-7.3566437,-7.3566437,-7.3566437,-7.3566437,-7.3566437,-7.3566437,-7.3566437,-7.3566437,-7.3566437
116,114.34007,114.34007,114.34007,114.34007,114.34007,114.34007,114.34007,114.34007,114.34007,114.34007,114.34007,114.34007,114.34007,114.34007,114.34007,114.34007,114.34007,114.34007,114.34007,114.34007,114.34007
117,-34.69052,-34.69052,-34.69052,-34.69052,-34.69052,-34.69052,-34.69052,-34.69052,-34.69052,-34.69052,-34.69052,-34.69052,-34.69052,-34.69052,-34.69052,-34.69052,-34.69052,-34.69052,-34.69052,-34.69052,-34.69052
118,-44.919434,-44.919434,-44.919434,-44.919434,-44.919434,-44.919434,-44.919434,-44.919434,-44.919434,-44.919434,-44.919434,-44.919434,-44.919434,-44.919434,-44.919434,-44.919434,-44.919434,-44.919434,-44.919434,-44.919434,-44.919434
119,-24.104065,-24.104065,-24.104065,-24.104065,-24.104065,-24.104065,-24.104065,-24.104065,-24.104065,-24.104065,-24.104065,-24.104065,-24.104065,-24.104065,-24.104065,-24.104065,-24.104065,-24.104065,-24.104065,-24.104065,-24.104065
120,-34.65941,-34.65941,-34.65941,-34.65941,-34.65941,-34.65941,-34.65941,-34.65941,-34.65941,-34.65941,-34.65941,-34.65941,-34.65941,-34.65941,-34.65941,-34.65941,-34.65941,-34.65941,-34.65941,-34.65941,-34.65941
121,140.78206,140.78206,140.78206,140.78206,140.78206,140.78206,140.78206,140.78206,140.78206,140.78206,140.78206,140.78206,140.78206,140.78206,140.78206,140.78206,140.78206,140.78206,140.78206,140.78206,140.78206
122,4.7834015,4.7834015,4.7834015,4.7834015,4.7834015,4.7834015,4.7834015,4.7834015,4.7834015,4.7834015,4.7834015,4.7834015,4.7834015,4.7834015,4.7834015,4.7834015,4.7834015,4.7834015,4.7834015,4.7834015,4.7834015
123,73.22566,73.22566,73.22566,73.22566,73.22566,73.22566,73.22566,73.22566,73.22566,73.22566,73.22566,73.22566,73.22566,73.22566,73.22566,73.22566,73.22566,73.22566,73.22566,73.22566,73.22566
124,-7.2899323,-7.2899323,-7.2899323,-7.2899323,-7.2899323,-7.2899323,-7.2899323,-7.2899323,-7.2899323,-7.2899323,-7.2899323,-7.2899323,-7.2899323,-7.2899323,-7.2899323,-7.2899323,-7.2899323,-7.2899323,-7.2899323,-7.2899323,-7.2899323
125,32.65866,32.65866,32.65866,32.65866,32.65866,32.65866,32.65866,32.65866,32.65866,32.65866,32.65866,32.65866,32.65866,32.65866,32.65866,32.65866,32.65866,32.65866,32.65866,32.65866,32.65866
126,-19.275528,-19.275528,-19.275528,-19.275528,-19.275528,-19.275528,-19.275528,-19.275528,-19.275528,-19.275528,-19.275528,-19.275528,-19.275528,-19.275528,-19.275528,-19.275528,-19.275528,-19.275528,-19.275528,-19.275528,-19.275528
127,-4.1110687,-4.1110687,-4.1110687,-4.1110687,-4.1110687,-4.1110687,-4.1110687,-4.1110687,-4.1110687,-4.1110687,-4.1110687,-4.1110687,-4.1110687,-4.1110687,-4.1110687,-4.1110687,-4.1110687,-4.1110687,-4.1110687,-4.1110687,-4.1110687
128,6.332672,6.332672,6.332672,6.332672,6.332672,6.332672,6.332672,6.332672,6.332672,6.332672,6.332672,6.332672,6.332672,6.332672,6.332672,6.332672,6.332672,6.332672,6.332672,6.332672,6.332672
129,11.872009,11.872009,11.872009,11.872009,11.872009,11.872009,11.872009,11.872009,11.872009,11.872009,11.872009,11.872009,11.872009,11.872009,11.872009,11.872009,11.872009,11.872009,11.872009,11.872009,11.872009
130,-25.784393,-25.784393,-25.784393,-25.784393,-25.784393,-25.784393,-25.784393,-25.784393,-25.784393,-25.784393,-25.784393,-25.784393,-25.784393,-25.784393,-25.784393,-25.784393,-25.784393,-25.784393,-25.784393,-25.784393,-25.784393
131,79.1501,79.1501,79.1501,79.1501,79.1501,79.1501,79.1501,79.1501,79.1501,79.1501,79.1501,79.1501,79.1501,79.1501,79.1501,79.1501,79.1501,79.1501,79.1501,79.1501,79.1501
132,-37.64569,-37.64569,-37.64569,-37.64569,-37.64569,-37.64569,-37.64569,-37.64569,-37.64569,-37.64569,-37.64569,-37.64569,-37.64569,-37.64569,-37.64569,-37.64569,-37.64569,-37.64569,-37.64569,-37.64569,-37.64569
133,-24.756897,-24.756897,-24.756897,-24.756897,-24.756897,-24.756897,-24.756897,-24.756897,-24.756897,-24.756897,-24.756897,-24.756897,-24.756897,-24.756897,-24.756897,-24.756897,-24.756897,-24.756897,-24.756897,-24.756897,-24.756897
134,39.53415,39.53415,39.53415,39.53415,39.53415,39.53415,39.53415,39.53415,39.53415,39.53415,39.53415,39.53415,39.53415,39.53415,39.53415,39.53415,39.53415,39.53415,39.53415,39.53415,39.53415
135,-37.949036,-37.949036,-37.949036,-37.949036,-37.949036,-37.949036,-37.949036,-37.949036,-37.949036,-37.949036,-37.949036,-37.949036,-37.949036,-37.949036,-37.949036,-37.949036,-37.949036,-37.949036,-37.949036,-37.949036,-37.949036
136,-15.972183,-15.972183,-15.972183,-15.972183,-15.972183,-15.972183,-15.972183,-15.972183,-15.972183,-15.972183,-15.972183,-15.972183,-15.972183,-15.972183,-15.972183,-15.972183,-15.972183,-15.972183,-15.972183,-15.972183,-15.972183
137,-23.908798,-23.908798,-23.908798,-23.908798,-23.908798,-23.908798,-23.908798,-23.908798,-23.908798,-23.908798,-23.908798,-23.908798,-23.908798,-23.908798,-23.908798,-23.908798,-23.908798,-23.908798,-23.908798,-23.908798,-23.908798
138,-29.043823,-29.043823,-29.043823,-29.043823,-29.043823,-29.043823,-29.043823,-29.043823,-29.043823,-29.043823,-29.043823,-29.043823,-29.043823,-29.043823,-29.043823,-29.043823,-29.043823,-29.043823,-29.043823,-29.043823,-29.043823
139,59.598984,59.598984,59.598984,59.598984,59.598984,59.598984,59.598984,59.598984,59.598984,59.598984,59.598984,59.598984,59.598984,59.598984,59.598984,59.598984,59.598984,59.598984,59.598984,59.598984,59.598984
140,110.70079,110.70079,110.70079,110.70079,110.70079,110.70079,110.70079,110.70079,110.70079,110.70079,110.70079,110.70079,110.70079,110.70079,110.70079,110.70079,110.70079,110.70079,110.70079,110.70079,110.70079
141,33.296005,33.296005,33.296005,33.296005,33.296005,33.296005,33.296005,33.296005,33.296005,33.296005,33.296005,33.296005,33.296005,33.296005,33.296005,33.296005,33.296005,33.296005,33.296005,33.296005,33.296005
142,-13.787445,-13.787445,-13.787445,-13.787445,-13.787445,-13.787445,-13.787445,-13.787445,-13.787445,-13.787445,-13.787445,-13.787445,-13.787445,-13.787445,-13.787445,-13.787445,-13.787445,-13.787445,-13.787445,-13.787445,-13.787445
143,-2.4256134,-2.4256134,-2.4256134,-2.4256134,-2.4256134,-2.4256134,-2.4256134,-2.4256134,-2.4256134,-2.4256134,-2.4256134,-2.4256134,-2.4256134,-2.4256134,-2.4256134,-2.4256134,-2.4256134,-2.4256134,-2.4256134,-2.4256134,-2.4256134
144,49.57257,49.57257,49.57257,49.57257,49.57257,49.57257,49.57257,49.57257,49.57257,49.57257,49.57257,49.57257,49.57257,49.57257,49.57257,49.57257,49.57257,49.57257,49.57257,49.57257,49.57257
145,23.715973,23.715973,23.715973,23.715973,23.715973,23.715973,23.715973,23.715973,23.715973,23.715973,23.715973,23.715973,23.715973,23.715973,23.715973,23.715973,23.715973,23.715973,23.715973,23.715973,23.715973
146,51.704315,51.704315,51.704315,51.704315,51.704315,51.704315,51.704315,51.704315,51.704315,51.704315,51.704315,51.704315,51.704315,51.704315,51.704315,51.704315,51.704315,51.704315,51.704315,51.704315,51.704315
147,15.318878,15.318878,15.318878,15.318878,15.318878,15.318878,15.318878,15.318878,15.318878,15.318878,15.318878,15.318878,15.318878,15.318878,15.318878,15.318878,15.318878,15.318878,15.318878,15.318878,15.318878
148,-7.1426697,-7.1426697,-7.1426697,-7.1426697,-7.1426697,-7.1426697,-7.1426697,-7.1426697,-7.1426697,-7.1426697,-7.1426697,-7.1426697,-7.1426697,-7.1426697,-7.1426697,-7.1426697,-7.1426697,-7.1426697,-7.1426697,-7.1426697,-7.1426697
149,-8.690826,-8.690826,-8.690826,-8.690826,-8.690826,-8.690826,-8.690826,-8.690826,-8.690826,-8.690826,-8.690826,-8.690826,-8.690826,-8.690826,-8.690826,-8.690826,-8.690826,-8.690826,-8.690826,-8.690826,-8.690826
150,-43.42743,-43.42743,-43.42743,-43.42743,-43.42743,-43.42743,-43.42743,-43.42743,-43.42743,-43.42743,-43.42743,-43.42743,-43.42743,-43.42743,-43.42743,-43.42743,-43.42743,-43.42743,-43.42743,-43.42743,-43.42743
151,-19.565582,-19.565582,-19.565582,-19.565582,-19.565582,-19.565582,-19.565582,-19.565582,-19.565582,-19.565582,-19.565582,-19.565582,-19.565582,-19.565582,-19.565582,-19.565582,-19.565582,-19.565582,-19.565582,-19.565582,-19.565582
152,105.47099,105.47099,105.47099,105.47099,105.47099,105.47099,105.47099,105.47099,105.47099,105.47099,105.47099,105.47099,105.47099,105.47099,105.47099,105.47099,105.47099,105.47099,105.47099,105.47099,105.47099
153,36.82042,36.82042,36.82042,36.82042,36.82042,36.82042,36.82042,36.82042,36.82042,36.82042,36.82042,36.82042,36.82042,36.82042,36.82042,36.82042,36.82042,36.82042,36.82042,36.82042,36.82042
154,11.349625,11.349625,11.349625,11.349625,11.349625,11.349625,11.349625,11.349625,11.349625,11.349625,11.349625,11.349625,11.349625,11.349625,11.349625,11.349625,11.349625,11.349625,11.349625,11.349625,11.349625
155,-15.276672,-15.276672,-15.276672,-15.276672,-15.276672,-15.276672,-15.276672,-15.276672,-15.276672,-15.276672,-15.276672,-15.276672,-15.276672,-15.276672,-15.276672,-15.276672,-15.276672,-15.276672,-15.276672,-15.276672,-15.276672
156,6.4485474,6.4485474,6.4485474,6.4485474,6.4485474,6.4485474,6.4485474,6.4485474,6.4485474,6.4485474,6.4485474,6.4485474,6.4485474,6.4485474,6.4485474,6.4485474,6.4485474,6.4485474,6.4485474,6.4485474,6.4485474
157,-15.541885,-15.541885,-15.541885,-15.541885,-15.541885,-15.541885,-15.541885,-15.541885,-15.541885,-15.541885,-15.541885,-15.541885,-15.541885,-15.541885,-15.541885,-15.541885,-15.541885,-15.541885,-15.541885,-15.541885,-15.541885
158,-11.374237,-11.374237,-11.374237,-11.374237,-11.374237,-11.374237,-11.374237,-11.374237,-11.374237,-11.374237,-11.374237,-11.374237,-11.374237,-11.374237,-11.374237,-11.374237,-11.374237,-11.374237,-11.374237,-11.374237,-11.374237
159,-1.2057648,-1.2057648,-1.2057648,-1.2057648,-1.2057648,-1.2057648,-1.2057648,-1.2057648,-1.2057648,-1.2057648,-1.2057648,-1.2057648,-1.2057648,-1.2057648,-1.2057648,-1.2057648,-1.2057648,-1.2057648,-1.2057648,-1.2057648,-1.2057648
160,-38.018433,-38.018433,-38.018433,-38.018433,-38.018433,-38.018433,-38.018433,-38.018433,-38.018433,-38.018433,-38.018433,-38.018433,-38.018433,-38.018433,-38.018433,-38.018433,-38.018433,-38.018433,-38.018433,-38.018433,-38.018433
161,-31.62857,-31.62857,-31.62857,-31.62857,-31.62857,-31.62857,-31.62857,-31.62857,-31.62857,-31.62857,-31.62857,-31.62857,-31.62857,-31.62857,-31.62857,-31.62857,-31.62857,-31.62857,-31.62857,-31.62857,-31.62857
162,-19.058807,-19.058807,-19.058807,-19.058807,-19.058807,-19.058807,-19.058807,-19.058807,-19.058807,-19.058807,-19.058807,-19.058807,-19.058807,-19.058807,-19.058807,-19.058807,-19.058807,-19.058807,-19.058807,-19.058807,-19.058807
163,95.253494,95.253494,95.253494,95.253494,95.253494,95.253494,95.253494,95.253494,95.253494,95.253494,95.253494,95.253494,95.253494,95.253494,95.253494,95.253494,95.253494,95.253494,95.253494,95.253494,95.253494
164,4.9381256,4.9381256,4.9381256,4.9381256,4.9381256,4.9381256,4.9381256,4.9381256,4.9381256,4.9381256,4.9381256,4.9381256,4.9381256,4.9381256,4.9381256,4.9381256,4.9381256,4.9381256,4.9381256,4.9381256,4.9381256
165,-42.779724,-42.779724,-42.779724,-42.779724,-42.779724,-42.779724,-42.779724,-42.779724,-42.779724,-42.779724,-42.779724,-42.779724,-42.779724,-42.779724,-42.779724,-42.779724,-42.779724,-42.779724,-42.779724,-42.779724,-42.779724
166,-12.489563,-12.489563,-12.489563,-12.489563,-12.489563,-12.489563,-12.489563,-12.489563,-12.489563,-12.489563,-12.489563,-12.489563,-12.489563,-12.489563,-12.489563,-12.489563,-12.489563,-12.489563,-12.489563,-12.489563,-12.489563
167,87.72185,87.72185,87.72185,87.72185,87.72185,87.72185,87.72185,87.72185,87.72185,87.72185,87.72185,87.72185,87.72185,87.72185,87.72185,87.72185,87.72185,87.72185,87.72185,87.72185,87.72185
168,-26.033554,-26.033554,-26.033554,-26.033554,-26.033554,-26.033554,-26.033554,-26.033554,-26.033554,-26.033554,-26.033554,-26.033554,-26.033554,-26.033554,-26.033554,-26.033554,-26.033554,-26.033554,-26.033554,-26.033554,-26.033554
169,51.744522,51.744522,51.744522,51.744522,51.744522,51.744522,51.744522,51.744522,51.744522,51.744522,51.744522,51.744522,51.744522,51.744522,51.744522,51.744522,51.744522,51.744522,51.744522,51.744522,51.744522
170,94.89052,94.89052,94.89052,94.89052,94.89052,94.89052,94.89052,94.89052,94.89052,94.89052,94.89052,94.89052,94.89052,94.89052,94.89052,94.89052,94.89052,94.89052,94.89052,94.89052,94.89052
171,-108.652534,-108.652534,-108.652534,-108.652534,-108.652534,-108.652534,-108.652534,-108.652534,-108.652534,-108.652534,-108.652534,-108.652534,-108.652534,-108.652534,-108.652534,-108.652534,-108.652534,-108.652534,-108.652534,-108.652534,-108.652534
172,-8.407745,-8.407745,-8.407745,-8.407745,-8.407745,-8.407745,-8.407745,-8.407745,-8.407745,-8.407745,-8.407745,-8.407745,-8.407745,-8.407745,-8.407745,-8.407745,-8.407745,-8.407745,-8.407745,-8.407745,-8.407745
173,-27.108063,-27.108063,-27.108063,-27.108063,-27.108063,-27.108063,-27.108063,-27.108063,-27.108063,-27.108063,-27.108063,-27.108063,-27.108063,-27.108063,-27.108063,-27.108063,-27.108063,-27.108063,-27.108063,-27.108063,-27.108063
174,-41.21396,-41.21396,-41.21396,-41.21396,-41.21396,-41.21396,-41.21396,-41.21396,-41.21396,-41.21396,-41.21396,-41.21396,-41.21396,-41.21396,-41.21396,-41.21396,-41.21396,-41.21396,-41.21396,-41.21396,-41.21396
175,6.661392,6.661392,6.661392,6.661392,6.661392,6.661392,6.661392,6.661392,6.661392,6.661392,6.661392,6.661392,6.661392,6.661392,6.661392,6.661392,6.661392,6.661392,6.661392,6.661392,6.661392
176,-15.1035,-15.1035,-15.1035,-15.1035,-15.1035,-15.1035,-15.1035,-15.1035,-15.1035,-15.1035,-15.1035,-15.1035,-15.1035,-15.1035,-15.1035,-15.1035,-15.1035,-15.1035,-15.1035,-15.1035,-15.1035
177,-6.800766,-6.800766,-6.800766,-6.800766,-6.800766,-6.800766,-6.800766,-6.800766,-6.800766,-6.800766,-6.800766,-6.800766,-6.800766,-6.800766,-6.800766,-6.800766,-6.800766,-6.800766,-6.800766,-6.800766,-6.800766
178,-10.468536,-10.468536,-10.468536,-10.468536,-10.468536,-10.468536,-10.468536,-10.468536,-10.468536,-10.468536,-10.468536,-10.468536,-10.468536,-10.468536,-10.468536,-10.468536,-10.468536,-10.468536,-10.468536,-10.468536,-10.468536
179,5.4402466,5.4402466,5.4402466,5.4402466,5.4402466,5.4402466,5.4402466,5.4402466,5.4402466,5.4402466,5.4402466,5.4402466,5.4402466,5.4402466,5.4402466,5.4402466,5.4402466,5.4402466,5.4402466,5.4402466,5.4402466
180,-27.8526,-27.8526,-27.8526,-27.8526,-27.8526,-27.8526,-27.8526,-27.8526,-27.8526,-27.8526,-27.8526,-27.8526,-27.8526,-27.8526,-27.8526,-27.8526,-27.8526,-27.8526,-27.8526,-27.8526,-27.8526
181,126.256516,126.256516,126.256516,126.256516,126.256516,126.256516,126.256516,126.256516,126.256516,126.256516,126.256516,126.256516,126.256516,126.256516,126.256516,126.256516,126.256516,126.256516,126.256516,126.256516,126.256516
182,-8.558609,-8.558609,-8.558609,-8.558609,-8.558609,-8.558609,-8.558609,-8.558609,-8.558609,-8.558609,-8.558609,-8.558609,-8.558609,-8.558609,-8.558609,-8.558609,-8.558609,-8.558609,-8.558609,-8.558609,-8.558609
183,-13.713364,-13.713364,-13.713364,-13.713364,-13.713364,-13.713364,-13.713364,-13.713364,-13.713364,-13.713364,-13.713364,-13.713364,-13.713364,-13.713364,-13.713364,-13.713364,-13.713364,-13.713364,-13.713364,-13.713364,-13.713364
184,33.76866,33.76866,33.76866,33.76866,33.76866,33.76866,33.76866,33.76866,33.76866,33.76866,33.76866,33.76866,33.76866,33.76866,33.76866,33.76866,33.76866,33.76866,33.76866,33.76866,33.76866
185,-36.232727,-36.232727,-36.232727,-36.232727,-36.232727,-36.232727,-36.232727,-36.232727,-36.232727,-36.232727,-36.232727,-36.232727,-36.232727,-36.232727,-36.232727,-36.232727,-36.232727,-36.232727,-36.232727,-36.232727,-36.232727
186,-55.20169,-55.20169,-55.20169,-55.20169,-55.20169,-55.20169,-55.20169,-55.20169,-55.20169,-55.20169,-55.20169,-55.20169,-55.20169,-55.20169,-55.20169,-55.20169,-55.20169,-55.20169,-55.20169,-55.20169,-55.20169
187,-29.04541,-29.04541,-29.04541,-29.04541,-29.04541,-29.04541,-29.04541,-29.04541,-29.04541,-29.04541,-29.04541,-29.04541,-29.04541,-29.04541,-29.04541,-29.04541,-29.04541,-29.04541,-29.04541,-29.04541,-29.04541
188,-16.605988,-16.605988,-16.605988,-16.605988,-16.605988,-16.605988,-16.605988,-16.605988,-16.605988,-16.605988,-16.605988,-16.605988,-16.605988,-16.605988,-16.605988,-16.605988,-16.605988,-16.605988,-16.605988,-16.605988,-16.605988
189,-19.76178,-19.76178,-19.76178,-19.76178,-19.76178,-19.76178,-19.76178,-19.76178,-19.76178,-19.76178,-19.76178,-19.76178,-19.76178,-19.76178,-19.76178,-19.76178,-19.76178,-19.76178,-19.76178,-19.76178,-19.76178
190,-32.873642,-32.873642,-32.873642,-32.873642,-32.873642,-32.873642,-32.873642,-32.873642,-32.873642,-32.873642,-32.873642,-32.873642,-32.873642,-32.873642,-32.873642,-32.873642,-32.873642,-32.873642,-32.873642,-32.873642,-32.873642
191,-27.358261,-27.358261,-27.358261,-27.358261,-27.358261,-27.358261,-27.358261,-27.358261,-27.358261,-27.358261,-27.358261,-27.358261,-27.358261,-27.358261,-27.358261,-27.358261,-27.358261,-27.358261,-27.358261,-27.358261,-27.358261
192,-0.55589294,-0.55589294,-0.55589294,-0.55589294,-0.55589294,-0.55589294,-0.55589294,-0.55589294,-0.55589294,-0.55589294,-0.55589294,-0.55589294,-0.55589294,-0.55589294,-0.55589294,-0.55589294,-0.55589294,-0.55589294,-0.55589294,-0.55589294,-0.55589294
193,12.978683,12.978683,12.978683,12.978683,12.978683,12.978683,12.978683,12.978683,12.978683,12.978683,12.978683,12.978683,12.978683,12.978683,12.978683,12.978683,12.978683,12.978683,12.978683,12.978683,12.978683
194,73.79994,73.79994,73.79994,73.79994,73.79994,73.79994,73.79994,73.79994,73.79994,73.79994,73.79994,73.79994,73.79994,73.79994,73.79994,73.79994,73.79994,73.79994,73.79994,73.79994,73.79994
195,-16.56276,-16.56276,-16.56276,-16.56276,-16.56276,-16.56276,-16.56276,-16.56276,-16.56276,-16.56276,-16.56276,-16.56276,-16.56276,-16.56276,-16.56276,-16.56276,-16.56276,-16.56276,-16.56276,-16.56276,-16.56276
196,-24.763184,-24.763184,-24.763184,-24.763184,-24.763184,-24.763184,-24.763184,-24.763184,-24.763184,-24.763184,-24.763184,-24.763184,-24.763184,-24.763184,-24.763184,-24.763184,-24.763184,-24.763184,-24.763184,-24.763184,-24.763184
197,-13.224701,-13.224701,-13.224701,-13.224701,-13.224701,-13.224701,-13.224701,-13.224701,-13.224701,-13.224701,-13.224701,-13.224701,-13.224701,-13.224701,-13.224701,-13.224701,-13.224701,-13.224701,-13.224701,-13.224701,-13.224701
198,90.04738,90.04738,90.04738,90.04738,90.04738,90.04738,90.04738,90.04738,90.04738,90.04738,90.04738,90.04738,90.04738,90.04738,90.04738,90.04738,90.04738,90.04738,90.04738,90.04738,90.04738
199,12.447968,12.447968,12.447968,12.447968,12.447968,12.447968,12.447968,12.447968,12.447968,12.447968,12.447968,12.447968,12.447968,12.447968,12.447968,12.447968,12.447968,12.447968,12.447968,12.447968,12.447968
200,56.07367,56.07367,56.07367,56.07367,56.07367,56.07367,56.07367,56.07367,56.07367,56.07367,56.07367,56.07367,56.07367,56.07367,56.07367,56.07367,56.07367,56.07367,56.07367,56.07367,56.07367
201,-6.6380463,-6.6380463,-6.6380463,-6.6380463,-6.6380463,-6.6380463,-6.6380463,-6.6380463,-6.6380463,-6.6380463,-6.6380463,-6.6380463,-6.6380463,-6.6380463,-6.6380463,-6.6380463,-6.6380463,-6.6380463,-6.6380463,-6.6380463,-6.6380463
202,32.625504,32.625504,32.625504,32.625504,32.625504,32.625504,32.625504,32.625504,32.625504,32.625504,32.625504,32.625504,32.625504,32.625504,32.625504,32.625504,32.625504,32.625504,32.625504,32.625504,32.625504
203,-0.63165283,-0.63165283,-0.63165283,-0.63165283,-0.63165283,-0.63165283,-0.63165283,-0.63165283,-0.63165283,-0.63165283,-0.63165283,-0.63165283,-0.63165283,-0.63165283,-0.63165283,-0.63165283,-0.63165283,-0.63165283,-0.63165283,-0.63165283,-0.63165283
204,-43.109436,-43.109436,-43.109436,-43.109436,-43.109436,-43.109436,-43.109436,-43.109436,-43.109436,-43.109436,-43.109436,-43.109436,-43.109436,-43.109436,-43.109436,-43.109436,-43.109436,-43.109436,-43.109436,-43.109436,-43.109436
205,151.06505,151.06505,151.06505,151.06505,151.06505,151.06505,151.06505,151.06505,151.06505,151.06505,151.06505,151.06505,151.06505,151.06505,151.06505,151.06505,151.06505,151.06505,151.06505,151.06505,151.06505
206,33.38565,33.38565,33.38565,33.38565,33.38565,33.38565,33.38565,33.38565,33.38565,33.38565,33.38565,33.38565,33.38565,33.38565,33.38565,33.38565,33.38565,33.38565,33.38565,33.38565,33.38565
207,-26.784882,-26.784882,-26.784882,-26.784882,-26.784882,-26.784882,-26.784882,-26.784882,-26.784882,-26.784882,-26.784882,-26.784882,-26.784882,-26.784882,-26.784882,-26.784882,-26.784882,-26.784882,-26.784882,-26.784882,-26.784882
208,-66.92533,-66.92533,-66.92533,-66.92533,-66.92533,-66.92533,-66.92533,-66.92533,-66.92533,-66.92533,-66.92533,-66.92533,-66.92533,-66.92533,-66.92533,-66.92533,-66.92533,-66.92533,-66.92533,-66.92533,-66.92533
209,25.57843,25.57843,25.57843,25.57843,25.57843,25.57843,25.57843,25.57843,25.57843,25.57843,25.57843,25.57843,25.57843,25.57843,25.57843,25.57843,25.57843,25.57843,25.57843,25.57843,25.57843
210,1.0967407,1.0967407,1.0967407,1.0967407,1.0967407,1.0967407,1.0967407,1.0967407,1.0967407,1.0967407,1.0967407,1.0967407,1.0967407,1.0967407,1.0967407,1.0967407,1.0967407,1.0967407,1.0967407,1.0967407,1.0967407
211,0.5692444,0.5692444,0.5692444,0.5692444,0.5692444,0.5692444,0.5692444,0.5692444,0.5692444,0.5692444,0.5692444,0.5692444,0.5692444,0.5692444,0.5692444,0.5692444,0.5692444,0.5692444,0.5692444,0.5692444,0.5692444
212,-18.888535,-18.888535,-18.888535,-18.888535,-18.888535,-18.888535,-18.888535,-18.888535,-18.888535,-18.888535,-18.888535,-18.888535,-18.888535,-18.888535,-18.888535,-18.888535,-18.888535,-18.888535,-18.888535,-18.888535,-18.888535
213,-24.090195,-24.090195,-24.090195,-24.090195,-24.090195,-24.090195,-24.090195,-24.090195,-24.090195,-24.090195,-24.090195,-24.090195,-24.090195,-24.090195,-24.090195,-24.090195,-24.090195,-24.090195,-24.090195,-24.090195,-24.090195
214,-22.79129,-22.79129,-22.79129,-22.79129,-22.79129,-22.79129,-22.79129,-22.79129,-22.79129,-22.79129,-22.79129,-22.79129,-22.79129,-22.79129,-22.79129,-22.79129,-22.79129,-22.79129,-22.79129,-22.79129,-22.79129
215,42.959854,42.959854,42.959854,42.959854,42.959854,42.959854,42.959854,42.959854,42.959854,42.959854,42.959854,42.959854,42.959854,42.959854,42.959854,42.959854,42.959854,42.959854,42.959854,42.959854,42.959854
216,112.98213,112.98213,112.98213,112.98213,112.98213,112.98213,112.98213,112.98213,112.98213,112.98213,112.98213,112.98213,112.98213,112.98213,112.98213,112.98213,112.98213,112.98213,112.98213,112.98213,112.98213
217,-31.853424,-31.853424,-31.853424,-31.853424,-31.853424,-31.853424,-31.853424,-31.853424,-31.853424,-31.853424,-31.853424,-31.853424,-31.853424,-31.853424,-31.853424,-31.853424,-31.853424,-31.853424,-31.853424,-31.853424,-31.853424
218,49.652725,49.652725,49.652725,49.652725,49.652725,49.652725,49.652725,49.652725,49.652725,49.652725,49.652725,49.652725,49.652725,49.652725,49.652725,49.652725,49.652725,49.652725,49.652725,49.652725,49.652725
219,-32.8405,-32.8405,-32.8405,-32.8405,-32.8405,-32.8405,-32.8405,-32.8405,-32.8405,-32.8405,-32.8405,-32.8405,-32.8405,-32.8405,-32.8405,-32.8405,-32.8405,-32.8405,-32.8405,-32.8405,-32.8405
220,-33.701538,-33.701538,-33.701538,-33.701538,-33.701538,-33.701538,-33.701538,-33.701538,-33.701538,-33.701538,-33.701538,-33.701538,-33.701538,-33.701538,-33.701538,-33.701538,-33.701538,-33.701538,-33.701538,-33.701538,-33.701538
221,-49.26718,-49.26718,-49.26718,-49.26718,-49.26718,-49.26718,-49.26718,-49.26718,-49.26718,-49.26718,-49.26718,-49.26718,-49.26718,-49.26718,-49.26718,-49.26718,-49.26718,-49.26718,-49.26718,-49.26718,-49.26718
222,2.5263824,2.5263824,2.5263824,2.5263824,2.5263824,2.5263824,2.5263824,2.5263824,2.5263824,2.5263824,2.5263824,2.5263824,2.5263824,2.5263824,2.5263824,2.5263824,2.5263824,2.5263824,2.5263824,2.5263824,2.5263824
223,-149.96187,-149.96187,-149.96187,-149.96187,-149.96187,-149.96187,-149.96187,-149.96187,-149.96187,-149.96187,-149.96187,-149.96187,-149.96187,-149.96187,-149.96187,-149.96187,-149.96187,-149.96187,-149.96187,-149.96187,-149.96187
224,-18.58432,-18.58432,-18.58432,-18.58432,-18.58432,-18.58432,-18.58432,-18.58432,-18.58432,-18.58432,-18.58432,-18.58432,-18.58432,-18.58432,-18.58432,-18.58432,-18.58432,-18.58432,-18.58432,-18.58432,-18.58432
225,-32.047455,-32.047455,-32.047455,-32.047455,-32.047455,-32.047455,-32.047455,-32.047455,-32.047455,-32.047455,-32.047455,-32.047455,-32.047455,-32.047455,-32.047455,-32.047455,-32.047455,-32.047455,-32.047455,-32.047455,-32.047455
226,0.684021,0.684021,0.684021,0.684021,0.684021,0.684021,0.684021,0.684021,0.684021,0.684021,0.684021,0.684021,0.684021,0.684021,0.684021,0.684021,0.684021,0.684021,0.684021,0.684021,0.684021
227,1.3043976,1.3043976,1.3043976,1.3043976,1.3043976,1.3043976,1.3043976,1.3043976,1.3043976,1.3043976,1.3043976,1.3043976,1.3043976,1.3043976,1.3043976,1.3043976,1.3043976,1.3043976,1.3043976,1.3043976,1.3043976
228,-24.802841,-24.802841,-24.802841,-24.802841,-24.802841,-24.802841,-24.802841,-24.802841,-24.802841,-24.802841,-24.802841,-24.802841,-24.802841,-24.802841,-24.802841,-24.802841,-24.802841,-24.802841,-24.802841,-24.802841,-24.802841
229,39.919617,39.919617,39.919617,39.919617,39.919617,39.919617,39.919617,39.919617,39.919617,39.919617,39.919617,39.919617,39.919617,39.919617,39.919617,39.919617,39.919617,39.919617,39.919617,39.919617,39.919617
230,-17.246613,-17.246613,-17.246613,-17.246613,-17.246613,-17.246613,-17.246613,-17.246613,-17.246613,-17.246613,-17.246613,-17.246613,-17.246613,-17.246613,-17.246613,-17.246613,-17.246613,-17.246613,-17.246613,-17.246613,-17.246613
231,-29.116776,-29.116776,-29.116776,-29.116776,-29.116776,-29.116776,-29.116776,-29.116776,-29.116776,-29.116776,-29.116776,-29.116776,-29.116776,-29.116776,-29.116776,-29.116776,-29.116776,-29.116776,-29.116776,-29.116776,-29.116776
232,27.362213,27.362213,27.362213,27.362213,27.362213,27.362213,27.362213,27.362213,27.362213,27.362213,27.362213,27.362213,27.362213,27.362213,27.362213,27.362213,27.362213,27.362213,27.362213,27.362213,27.362213
233,-16.226868,-16.226868,-16.226868,-16.226868,-16.226868,-16.226868,-16.226868,-16.226868,-16.226868,-16.226868,-16.226868,-16.226868,-16.226868,-16.226868,-16.226868,-16.226868,-16.226868,-16.226868,-16.226868,-16.226868,-16.226868
234,-35.57074,-35.57074,-35.57074,-35.57074,-35.57074,-35.57074,-35.57074,-35.57074,-35.57074,-35.57074,-35.57074,-35.57074,-35.57074,-35.57074,-35.57074,-35.57074,-35.57074,-35.57074,-35.57074,-35.57074,-35.57074
235,-114.65795,-114.65795,-114.65795,-114.65795,-114.65795,-114.65795,-114.65795,-114.65795,-114.65795,-114.65795,-114.65795,-114.65795,-114.65795,-114.65795,-114.65795,-114.65795,-114.65795,-114.65795,-114.65795,-114.65795,-114.65795
236,140.20784,140.20784,140.20784,140.20784,140.20784,140.20784,140.20784,140.20784,140.20784,140.20784,140.20784,140.20784,140.20784,140.20784,140.20784,140.20784,140.20784,140.20784,140.20784,140.20784,140.20784
237,-33.246033,-33.246033,-33.246033,-33.246033,-33.246033,-33.246033,-33.246033,-33.246033,-33.246033,-33.246033,-33.246033,-33.246033,-33.246033,-33.246033,-33.246033,-33.246033,-33.246033,-33.246033,-33.246033,-33.246033,-33.246033
238,28.669586,28.669586,28.669586,28.669586,28.669586,28.669586,28.669586,28.669586,28.669586,28.669586,28.669586,28.669586,28.669586,28.669586,28.669586,28.669586,28.669586,28.669586,28.669586,28.669586,28.669586
239,24.316055,24.316055,24.316055,24.316055,24.316055,24.316055,24.316055,24.316055,24.316055,24.316055,24.316055,24.316055,24.316055,24.316055,24.316055,24.316055,24.316055,24.316055,24.316055,24.316055,24.316055
240,0.09803772,0.09803772,0.09803772,0.09803772,0.09803772,0.09803772,0.09803772,0.09803772,0.09803772,0.09803772,0.09803772,0.09803772,0.09803772,0.09803772,0.09803772,0.09803772,0.09803772,0.09803772,0.09803772,0.09803772,0.09803772
241,-86.59614,-86.59614,-86.59614,-86.59614,-86.59614,-86.59614,-86.59614,-86.59614,-86.59614,-86.59614,-86.59614,-86.59614,-86.59614,-86.59614,-86.59614,-86.59614,-86.59614,-86.59614,-86.59614,-86.59614,-86.59614
242,26.426575,26.426575,26.426575,26.426575,26.426575,26.426575,26.426575,26.426575,26.426575,26.426575,26.426575,26.426575,26.426575,26.426575,26.426575,26.426575,26.426575,26.426575,26.426575,26.426575,26.426575
243,80.56233,80.56233,80.56233,80.56233,80.56233,80.56233,80.56233,80.56233,80.56233,80.56233,80.56233,80.56233,80.56233,80.56233,80.56233,80.56233,80.56233,80.56233,80.56233,80.56233,80.56233
244,0.12722778,0.12722778,0.12722778,0.12722778,0.12722778,0.12722778,0.12722778,0.12722778,0.12722778,0.12722778,0.12722778,0.12722778,0.12722778,0.12722778,0.12722778,0.12722778,0.12722778,0.12722778,0.12722778,0.12722778,0.12722778
245,65.564316,65.564316,65.564316,65.564316,65.564316,65.564316,65.564316,65.564316,65.564316,65.564316,65.564316,65.564316,65.564316,65.564316,65.564316,65.564316,65.564316,65.564316,65.564316,65.564316,65.564316
246,-43.780365,-43.780365,-43.780365,-43.780365,-43.780365,-43.780365,-43.780365,-43.780365,-43.780365,-43.780365,-43.780365,-43.780365,-43.780365,-43.780365,-43.780365,-43.780365,-43.780365,-43.780365,-43.780365,-43.780365,-43.780365
247,0.09512329,0.09512329,0.09512329,0.09512329,0.09512329,0.09512329,0.09512329,0.09512329,0.09512329,0.09512329,0.09512329,0.09512329,0.09512329,0.09512329,0.09512329,0.09512329,0.09512329,0.09512329,0.09512329,0.09512329,0.09512329
248,-13.315826,-13.315826,-13.315826,-13.315826,-13.315826,-13.315826,-13.315826,-13.315826,-13.315826,-13.315826,-13.315826,-13.315826,-13.315826,-13.315826,-13.315826,-13.315826,-13.315826,-13.315826,-13.315826,-13.315826,-13.315826
249,-21.583618,-21.583618,-21.583618,-21.583618,-21.583618,-21.583618,-21.583618,-21.583618,-21.583618,-21.583618,-21.583618,-21.583618,-21.583618,-21.583618,-21.583618,-21.583618,-21.583618,-21.583618,-21.583618,-21.583618,-21.583618
250,15.91156,15.91156,15.91156,15.91156,15.91156,15.91156,15.91156,15.91156,15.91156,15.91156,15.91156,15.91156,15.91156,15.91156,15.91156,15.91156,15.91156,15.91156,15.91156,15.91156,15.91156
251,-12.141708,-12.141708,-12.141708,-12.141708,-12.141708,-12.141708,-12.141708,-12.141708,-12.141708,-12.141708,-12.141708,-12.141708,-12.141708,-12.141708,-12.141708,-12.141708,-12.141708,-12.141708,-12.141708,-12.141708,-12.141708
252,0.53302,0.53302,0.53302,0.53302,0.53302,0.53302,0.53302,0.53302,0.53302,0.53302,0.53302,0.53302,0.53302,0.53302,0.53302,0.53302,0.53302,0.53302,0.53302,0.53302,0.53302
253,-11.961105,-11.961105,-11.961105,-11.961105,-11.961105,-11.961105,-11.961105,-11.961105,-11.961105,-11.961105,-11.961105,-11.961105,-11.961105,-11.961105,-11.961105,-11.961105,-11.961105,-11.961105,-11.961105,-11.961105,-11.961105
254,-5.4078674,-5.4078674,-5.4078674,-5.4078674,-5.4078674,-5.4078674,-5.4078674,-5.4078674,-5.4078674,-5.4078674,-5.4078674,-5.4078674,-5.4078674,-5.4078674,-5.4078674,-5.4078674,-5.4078674,-5.4078674,-5.4078674,-5.4078674,-5.4078674
255,-8.134659,-8.134659,-8.134659,-8.134659,-8.134659,-8.134659,-8.134659,-8.134659,-8.134659,-8.134659,-8.134659,-8.134659,-8.134659,-8.134659,-8.134659,-8.134659,-8.134659,-8.134659,-8.134659,-8.134659,-8.134659
